{
  "ENGL 110": 0.7997881355932204,
  "MATH 162": 0.6971601489757915,
  "ECE 101": 0.9431192660550459,
  "ECE 131": 0.8254067584480601,
  "PHYC 160": 0.746984572230014,
  "ENGL 120": 0.8497951752389622,
  "MATH 163": 0.693553050014455,
  "PHYC 161": 0.8188435099069955,
  "PHYC 161L": 0.9691358024691358,
  "ECE 231": 0.9161490683229814,
  "ECE 203": 0.9039504260263361,
  "ECE 238L": 0.8625,
  "ENGL 219": 0.8391465677179963,
  "ECON 105": 0.762335784775913,
  "ECON 106": 0.7700869282638719,
  "ECE 206L": 0.9856459330143541,
  "ECE 213": 0.9411764705882353,
  "ECE 300": 1.0,
  "MATH 264": 0.7918760469011725,
  "ECE 330": 0.9836065573770492,
  "ECE 321L": 0.9522821576763485,
  "MATH 327": 0.7948717948717948,
  "ECE 314": 0.9218009478672986,
  "ECE 340": 0.8957345971563981,
  "ECE 331": 0.9570552147239264,
  "ECE 344L": 0.8631984585741811,
  "ECE 419": 1.0,
  "ECE 437": 0.9568345323741008,
  "ECE 420": 1.0,
  "ECE 440": 0.9696969696969697
}